[
  {
    "Id": 1001,
    "Name": "Hotel-One",
    "Source": "A",
    "Availability": 10,
    "RoomType": "Large",
    "Location": "Jaipur"
  },
  {
    "Id": 1002,
    "Name": "Hotel-Two",
    "Source": "A",
    "Availability": 10,
    "RoomType": "Large",
    "Location": "Shimla"
  },
  {
    "Id": 1003,
    "Name": "Hotel-Three",
    "Source": "A",
    "Availability": 15,
    "RoomType": "X-Large",
    "Location": "Delhi"
  },
  {
    "Id": 1004,
    "Name": "Hotel-Four",
    "Source": "A",
    "Availability": 10,
    "RoomType": "Small",
    "Location": "Panjim"
  }
]
